{"cameraMode":{"drawMode":0,"name":"Shaded","section":"Shading Mode"},"sceneLighting":false,"audioPlay":false,"sceneViewState":{"showFog":true,"showMaterialUpdate":true,"showSkybox":true,"showFlares":true,"showImageEffects":true,"showParticleSystems":true},"in2DMode":false,"pivot":{"x":5.908139228820801,"y":6.515725612640381,"z":10.425557136535645},"rotation":{"x":-0.2765069603919983,"y":0.6416501402854919,"z":-0.2673681378364563,"w":-0.6635836362838745},"size":9.610393524169922,"orthographic":false}